paper,plot_letter,protein,iex_type,resin,x,tis_M,kprime
1,a,anti-FVII mAb,aex,Express-Ion Q,7.9816,0.12528816277438107,3.5945
1,a,anti-FVII mAb,aex,Express-Ion Q,7.3461,0.13612665223724152,1.0989
1,a,anti-FVII mAb,aex,Express-Ion Q,6.6074,0.1513454611496201,0.30333
1,a,anti-FVII mAb,aex,Express-Ion Q,6.0311,0.16580723251148213,0.038518
1,a,anti-FVII mAb,aex,Fractogel EMD TMAE 650s,7.3978,0.1351753223931439,11.52
1,a,anti-FVII mAb,aex,Fractogel EMD TMAE 650s,6.8932,0.1450705042650728,4.8836
1,a,anti-FVII mAb,aex,Fractogel EMD TMAE 650s,6.4651,0.15467664846638104,2.756
1,a,anti-FVII mAb,aex,Fractogel EMD TMAE 650s,6.027,0.16592002654720425,1.3758
1,a,anti-FVII mAb,aex,Fractogel EMD TMAE 650s,5.72,0.17482517482517484,0.9143
1,a,anti-FVII mAb,aex,Fractogel EMD TMAE 650s,5.1239,0.1951638400437167,0.42931
1,a,anti-FVII mAb,aex,Macro-Prep 25Q,5.1697,0.19343482213668106,8.479
1,a,anti-FVII mAb,aex,Macro-Prep 25Q,4.6804,0.213656952397231,3.1154
1,a,anti-FVII mAb,aex,Macro-Prep 25Q,4.2648,0.23447758394297505,1.493
1,a,anti-FVII mAb,aex,Macro-Prep 25Q,3.9332,0.2542459066409031,0.8958
1,a,anti-FVII mAb,aex,Macro-Prep 25Q,3.6493,0.27402515550927575,0.6076
1,a,anti-FVII mAb,aex,Poros QE/M,3.1308,0.3194071802734126,3.9811
1,a,anti-FVII mAb,aex,Poros QE/M,2.9379,0.34037918240920384,2.7002
1,a,anti-FVII mAb,aex,Poros QE/M,2.7576,0.3626341746446185,1.9875
1,a,anti-FVII mAb,aex,Poros QE/M,2.6342,0.3796218965909954,1.7226
1,a,anti-FVII mAb,aex,Poros QE/M,2.5311,0.39508514084785273,1.6202
1,a,anti-FVII mAb,aex,Poros QE/M,2.5016,0.3997441637352095,1.4332
1,a,anti-FVII mAb,aex,Poros QE/M,2.3893,0.418532624618089,1.1925
1,a,anti-FVII mAb,aex,Q HyperD 20,6.6849,0.14959086897335788,15.024
1,a,anti-FVII mAb,aex,Q HyperD 20,5.7445,0.17407955435634084,3.8217
1,a,anti-FVII mAb,aex,Q HyperD 20,5.4446,0.18366822172427724,1.6202
1,a,anti-FVII mAb,aex,Q HyperD 20,5.1641,0.19364458472918802,0.8777
1,a,anti-FVII mAb,aex,Q HyperD 20,4.8965,0.20422750944552232,0.42931
1,a,anti-FVII mAb,aex,Q HyperD 20,4.6389,0.21556834594408159,0.15774
1,a,anti-FVII mAb,aex,Q HyperD 20,4.461,0.22416498542927593,0.028936
1,a,anti-FVII mAb,aex,Q Sepharose FF,5.1399,0.19455631432518142,8.139
1,a,anti-FVII mAb,aex,Q Sepharose FF,4.9328,0.2027246188777165,5.087
1,a,anti-FVII mAb,aex,Q Sepharose FF,4.6772,0.21380313007782434,2.4883
1,a,anti-FVII mAb,aex,Q Sepharose FF,4.4626,0.22408461435037869,1.4628
1,a,anti-FVII mAb,aex,Q Sepharose FF,4.2826,0.23350301218885722,0.8958
1,a,anti-FVII mAb,aex,Q Sepharose FF,4.1093,0.24335044898157837,0.5266
1,a,anti-FVII mAb,aex,Q Zirconia,8.0211,0.1246711797633741,18.811
1,a,anti-FVII mAb,aex,Q Zirconia,7.3825,0.13545546901456146,5.751
1,a,anti-FVII mAb,aex,Q Zirconia,6.6861,0.1495640208791373,2.3887
1,a,anti-FVII mAb,aex,Q Zirconia,6.4124,0.1559478510386127,1.1925
1,a,anti-FVII mAb,aex,Q Zirconia,5.7054,0.17527254881340484,0.38761
1,a,anti-FVII mAb,aex,Q Zirconia,4.9554,0.2018000565040158,0.07875
1,a,anti-FVII mAb,aex,Source 30Q,6.9134,0.14464662828709463,13.022
1,a,anti-FVII mAb,aex,Source 30Q,6.4422,0.15522647542764895,5.635
1,a,anti-FVII mAb,aex,Source 30Q,6.041,0.16553550736633008,2.9907
1,a,anti-FVII mAb,aex,Source 30Q,5.7326,0.17444091686145904,1.9079
1,a,anti-FVII mAb,aex,Source 30Q,5.4088,0.1848838929152492,1.1925
1,a,anti-FVII mAb,aex,Source 30Q,4.986,0.20056157240272765,0.6201
1,a,anti-FVII mAb,aex,Source 30Q,4.4694,0.22374367924106142,0.36457
1,a,anti-FVII mAb,aex,TSK-Gel Q-5PW-HR,10.4788,0.09543077451616598,23.075
1,a,anti-FVII mAb,aex,TSK-Gel Q-5PW-HR,9.4857,0.10542184551482758,8.139
1,a,anti-FVII mAb,aex,TSK-Gel Q-5PW-HR,8.6362,0.11579166763159722,2.9302
1,a,anti-FVII mAb,aex,TSK-Gel Q-5PW-HR,7.9132,0.1263711267249659,1.348
1,a,anti-FVII mAb,aex,TSK-Gel Q-5PW-HR,7.3335,0.1363605372605168,0.6201
1,a,anti-FVII mAb,aex,TSK-Gel Q-5PW-HR,6.8367,0.1462693989790396,0.30959
1,a,anti-FVII mAb,aex,TSK-Gel Q-5PW-HR,6.3758,0.15684306283133098,0.17471
1,b,aprotinin,aex,Express-Ion Q,17.894,0.055884654073991284,5.769
1,b,aprotinin,aex,Express-Ion Q,12.3784,0.08078588509015705,0.7897
1,b,aprotinin,aex,Express-Ion Q,9.4267,0.1060816616631483,0.32157
1,b,aprotinin,aex,Express-Ion Q,7.6422,0.13085237235351077,0.12283
1,b,aprotinin,aex,Express-Ion Q,5.5293,0.18085471940390285,0.05675
1,b,aprotinin,aex,Fractogel EMD TMAE 650s,19.578,0.051077740320768214,51.18
1,b,aprotinin,aex,Fractogel EMD TMAE 650s,17.887,0.055906524291384804,14.716
1,b,aprotinin,aex,Fractogel EMD TMAE 650s,16.4364,0.060840573361563365,3.1945
1,b,aprotinin,aex,Fractogel EMD TMAE 650s,14.0274,0.0712890485763577,0.763
1,b,aprotinin,aex,Fractogel EMD TMAE 650s,12.3798,0.08077674922050437,0.6151
1,b,aprotinin,aex,Macro-Prep 25Q,19.439,0.05144297546170071,1198.1
1,b,aprotinin,aex,Macro-Prep 25Q,14.0881,0.07098189251921834,14.351
1,b,aprotinin,aex,Macro-Prep 25Q,10.9207,0.09156922175318431,1.3468
1,b,aprotinin,aex,Macro-Prep 25Q,9.0565,0.11041793187213604,0.5825
1,b,aprotinin,aex,Macro-Prep 25Q,7.5952,0.1316621023804508,0.3442
1,b,aprotinin,aex,Macro-Prep 25Q,6.6278,0.15087962823259604,0.23746
1,b,aprotinin,aex,Poros QE/M,14.0181,0.0713363437270386,3.2075
1,b,aprotinin,aex,Poros QE/M,11.047,0.09052231375033945,1.0166
1,b,aprotinin,aex,Poros QE/M,9.0058,0.11103955228852516,0.4984
1,b,aprotinin,aex,Poros QE/M,7.6389,0.13090890049614473,0.31335
1,b,aprotinin,aex,Q HyperD 20,24.307,0.04114041222693052,22.606
1,b,aprotinin,aex,Q HyperD 20,19.603,0.05101260011222772,3.385
1,b,aprotinin,aex,Q HyperD 20,16.5416,0.0604536441456691,0.7138
1,b,aprotinin,aex,Q HyperD 20,14.1154,0.0708446094336682,0.22578
1,b,aprotinin,aex,Q Sepharose FF,19.61,0.05099439061703213,1.5511
1,b,aprotinin,aex,Q Sepharose FF,14.1103,0.07087021537458452,0.4928
1,b,aprotinin,aex,Q Sepharose FF,12.3887,0.0807187194782342,0.13324
1,b,aprotinin,aex,Q Sepharose FF,10.9997,0.09091157031555405,0.05078
1,b,aprotinin,aex,Q Zirconia,24.477,0.040854679903582956,1.449
1,b,aprotinin,aex,Q Zirconia,19.729,0.050686806224339805,0.7331
1,b,aprotinin,aex,Q Zirconia,16.5455,0.060439394397268136,0.4332
1,b,aprotinin,aex,Q Zirconia,14.1944,0.07045031843543934,0.28089
1,b,aprotinin,aex,Q Zirconia,12.3166,0.08119123784161214,0.18209
1,b,aprotinin,aex,Q Zirconia,11.0574,0.09043717329571148,0.13363
1,b,aprotinin,aex,Q Zirconia,9.8709,0.1013078847926734,0.09214
1,b,aprotinin,aex,Source 30Q,19.741,0.05065599513702447,0.18563
1,b,aprotinin,aex,Source 30Q,16.4606,0.06075112693340462,0.13648
1,b,aprotinin,aex,Source 30Q,14.1211,0.07081601291684075,0.0942
1,b,aprotinin,aex,Source 30Q,12.4622,0.08024265378504598,0.08085
1,b,aprotinin,aex,Source 30Q,9.0222,0.11083771142293454,0.010066
1,b,aprotinin,aex,TSK-Gel Q-5PW-HR,16.4457,0.06080616817769995,0.9455
1,b,aprotinin,aex,TSK-Gel Q-5PW-HR,14.1086,0.07087875480203565,0.6326
1,b,aprotinin,aex,TSK-Gel Q-5PW-HR,12.3113,0.08122619057288832,0.4645
1,b,aprotinin,aex,TSK-Gel Q-5PW-HR,10.9257,0.09152731632755795,0.496
1,b,aprotinin,aex,TSK-Gel Q-5PW-HR,9.3742,0.10667576966567814,0.25848
1,b,aprotinin,aex,TSK-Gel Q-5PW-HR,8.2261,0.12156428927438274,0.21504
1,c,lipolase,aex,Express-Ion Q,8.0195,0.12469605336991083,13.217
1,c,lipolase,aex,Express-Ion Q,6.6302,0.1508250128201261,3.536
1,c,lipolase,aex,Express-Ion Q,5.6743,0.17623319175933597,1.1825
1,c,lipolase,aex,Express-Ion Q,4.9999,0.2000040000800016,0.5582
1,c,lipolase,aex,Express-Ion Q,4.4263,0.2259223279036667,0.16871
1,c,lipolase,aex,Express-Ion Q,3.9688,0.2519653295706511,0.09559
1,c,lipolase,aex,Fractogel EMD TMAE 650s,8.6625,0.11544011544011544,4.7031
1,c,lipolase,aex,Fractogel EMD TMAE 650s,7.9462,0.12584631647831668,2.7753
1,c,lipolase,aex,Fractogel EMD TMAE 650s,7.3744,0.13560425254935995,1.8496
1,c,lipolase,aex,Fractogel EMD TMAE 650s,6.4263,0.15561053794562968,0.986
1,c,lipolase,aex,Fractogel EMD TMAE 650s,5.6996,0.17545090883570777,0.6841
1,c,lipolase,aex,Fractogel EMD TMAE 650s,5.1145,0.19552253397204028,0.5471
1,c,lipolase,aex,Fractogel EMD TMAE 650s,4.668,0.21422450728363324,0.42873
1,c,lipolase,aex,Macro-Prep 25Q,5.7584,0.17365934981939427,5.299
1,c,lipolase,aex,Macro-Prep 25Q,5.134,0.19477989871445264,3.0024
1,c,lipolase,aex,Macro-Prep 25Q,4.682,0.2135839384878257,1.6337
1,c,lipolase,aex,Macro-Prep 25Q,4.2709,0.23414268655318551,1.0039
1,c,lipolase,aex,Macro-Prep 25Q,3.9409,0.25374914359664036,0.6556
1,c,lipolase,aex,Macro-Prep 25Q,3.6575,0.27341079972658916,0.44587
1,c,lipolase,aex,Poros QE/M,3.6756,0.27206442485580584,4.0618
1,c,lipolase,aex,Poros QE/M,3.3728,0.29648956356736245,2.7622
1,c,lipolase,aex,Poros QE/M,3.0954,0.32306002455256183,2.0371
1,c,lipolase,aex,Poros QE/M,2.9062,0.34409194136673316,1.5333
1,c,lipolase,aex,Poros QE/M,2.6979,0.37065866043960116,1.1776
1,c,lipolase,aex,Poros QE/M,2.5191,0.3969671708149736,0.9419
1,c,lipolase,aex,Poros QE/M,2.379,0.4203446826397646,0.7689
1,c,lipolase,aex,Q HyperD 20,6.9467,0.14395324398635323,6.114
1,c,lipolase,aex,Q HyperD 20,6.7086,0.1490623975196017,4.2439
1,c,lipolase,aex,Q HyperD 20,6.5174,0.15343541903212937,3.327
1,c,lipolase,aex,Q HyperD 20,6.0467,0.16537946317826252,1.9634
1,c,lipolase,aex,Q HyperD 20,5.4158,0.18464492780383324,0.6839
1,c,lipolase,aex,Q Sepharose FF,6.8627,0.14571524327159863,4.2444
1,c,lipolase,aex,Q Sepharose FF,6.3673,0.15705243980965244,2.556
1,c,lipolase,aex,Q Sepharose FF,6.0046,0.16653898677680445,1.0907
1,c,lipolase,aex,Q Sepharose FF,5.6981,0.17549709552306908,0.6058
1,c,lipolase,aex,Q Sepharose FF,5.0616,0.19756598703967124,0.06645
1,c,lipolase,aex,Q Zirconia,7.3948,0.13523016173527344,6.369
1,c,lipolase,aex,Q Zirconia,6.8624,0.14572161342970388,4.1592
1,c,lipolase,aex,Q Zirconia,6.4386,0.15531326685925512,2.3098
1,c,lipolase,aex,Q Zirconia,6.0445,0.16543965588551576,1.6695
1,c,lipolase,aex,Q Zirconia,5.3876,0.18561140396465958,0.8376
1,c,lipolase,aex,Source 30Q,8.6807,0.11519808310389715,11.949
1,c,lipolase,aex,Source 30Q,8.0034,0.12494689756853339,5.418
1,c,lipolase,aex,Source 30Q,7.342,0.13620266957232363,3.2624
1,c,lipolase,aex,Source 30Q,6.6952,0.14936073604970726,1.7395
1,c,lipolase,aex,Source 30Q,6.3957,0.15635505104992417,1.4788
1,c,lipolase,aex,Source 30Q,5.7027,0.17535553334385467,0.8725
1,c,lipolase,aex,TSK-Gel Q-5PW-HR,8.6088,0.11616020815909302,3.6875
1,c,lipolase,aex,TSK-Gel Q-5PW-HR,7.3263,0.13649454704284564,1.2584
1,c,lipolase,aex,TSK-Gel Q-5PW-HR,6.419,0.15578750584203147,0.594
1,c,lipolase,aex,TSK-Gel Q-5PW-HR,5.7232,0.17472742521666199,0.34343
1,c,lipolase,aex,TSK-Gel Q-5PW-HR,4.987,0.20052135552436334,0.1758
1,d,myoglobin,aex,Express-Ion Q,18.227,0.05486366379546826,0.7856
1,d,myoglobin,aex,Express-Ion Q,12.4957,0.08002752947013773,0.27072
1,d,myoglobin,aex,Express-Ion Q,9.5496,0.10471642791321102,0.12428
1,d,myoglobin,aex,Express-Ion Q,7.7667,0.12875481221110638,0.05046
1,d,myoglobin,aex,Fractogel EMD TMAE 650s,33.423,0.02991951650061335,4.3024
1,d,myoglobin,aex,Fractogel EMD TMAE 650s,28.628,0.03493083694285315,2.3269
1,d,myoglobin,aex,Fractogel EMD TMAE 650s,25.089,0.039858105145681375,1.3383
1,d,myoglobin,aex,Fractogel EMD TMAE 650s,22.245,0.04495392222971454,0.8884
1,d,myoglobin,aex,Fractogel EMD TMAE 650s,20.07,0.04982561036372696,0.6806
1,d,myoglobin,aex,Fractogel EMD TMAE 650s,18.209,0.0549178977428744,0.5006
1,d,myoglobin,aex,Macro-Prep 25Q,33.277,0.030050785828049403,7.794
1,d,myoglobin,aex,Macro-Prep 25Q,28.649,0.034905232294320916,3.2295
1,d,myoglobin,aex,Macro-Prep 25Q,25.097,0.03984539984858748,1.5446
1,d,myoglobin,aex,Macro-Prep 25Q,22.239,0.04496605063177301,0.7856
1,d,myoglobin,aex,Macro-Prep 25Q,20.173,0.049571209041788536,0.5323
1,d,myoglobin,aex,Macro-Prep 25Q,18.195,0.05496015388843089,0.35334
1,d,myoglobin,aex,Macro-Prep 25Q,16.6769,0.05996318260587999,0.1557
1,d,myoglobin,aex,Poros QE/M,33.311,0.03002011347602894,0.9642
1,d,myoglobin,aex,Poros QE/M,28.732,0.034804399276068494,0.9255
1,d,myoglobin,aex,Poros QE/M,24.915,0.04013646397752358,0.7697
1,d,myoglobin,aex,Q HyperD 20,24.857,0.04023011626503601,3.4342
1,d,myoglobin,aex,Q HyperD 20,20.08,0.04980079681274901,0.8527
1,d,myoglobin,aex,Q HyperD 20,16.789,0.05956280898207159,0.24436
1,d,myoglobin,aex,Q Sepharose FF,33.297,0.030032735681893265,10.172
1,d,myoglobin,aex,Q Sepharose FF,28.658,0.03489427036080675,3.7275
1,d,myoglobin,aex,Q Sepharose FF,24.822,0.04028684231729917,1.8197
1,d,myoglobin,aex,Q Sepharose FF,22.381,0.04468075599839149,1.0682
1,d,myoglobin,aex,Q Sepharose FF,20.074,0.04981568197668626,0.7388
1,d,myoglobin,aex,Q Zirconia,12.9336,0.07731799344343415,3.9638
1,d,myoglobin,aex,Q Zirconia,11.5147,0.0868455105213336,1.2845
1,d,myoglobin,aex,Q Zirconia,10.8699,0.0919971664872722,0.9067
1,d,myoglobin,aex,Q Zirconia,10.3777,0.09636046522832611,0.6144
1,d,myoglobin,aex,Q Zirconia,9.7988,0.10205331265052864,0.48046
1,d,myoglobin,aex,Q Zirconia,9.3585,0.10685473099321473,0.38352
1,d,myoglobin,aex,Q Zirconia,8.5862,0.11646595700076867,0.25985
1,d,myoglobin,aex,Source 30Q,33.598,0.029763676409310078,3.5053
1,d,myoglobin,aex,Source 30Q,24.936,0.04010266281681104,1.1129
1,d,myoglobin,aex,Source 30Q,19.952,0.05012028869286286,0.6144
1,d,myoglobin,aex,Source 30Q,16.7153,0.0598254293970195,0.43368
1,d,myoglobin,aex,Source 30Q,14.4077,0.06940733080227933,0.30613
1,d,myoglobin,aex,TSK-Gel Q-5PW-HR,24.967,0.040052869788120324,1.9351
1,d,myoglobin,aex,TSK-Gel Q-5PW-HR,19.965,0.05008765339343852,0.8354
1,d,myoglobin,aex,TSK-Gel Q-5PW-HR,16.6252,0.060149652335009504,0.4904
1,d,myoglobin,aex,TSK-Gel Q-5PW-HR,14.2461,0.070194649763795,0.31894
1,d,myoglobin,aex,TSK-Gel Q-5PW-HR,12.5618,0.07960642583069305,0.22514
1,d,myoglobin,aex,TSK-Gel Q-5PW-HR,11.1407,0.08976096654608776,0.16557
2,a,anti-FVII mAb,aex,Poros 50 HQ,5.6127,0.17816737042777986,8.226
2,a,anti-FVII mAb,aex,Poros 50 HQ,5.33,0.18761726078799248,3.9786
2,a,anti-FVII mAb,aex,Poros 50 HQ,4.9486,0.202077355211575,1.8478
2,a,anti-FVII mAb,aex,Poros 50 HQ,4.4153,0.2264851765451951,0.6339
2,a,anti-FVII mAb,aex,Poros 50 HQ,3.9631,0.25232772324695313,0.28267
2,a,anti-FVII mAb,aex,Poros 50 HQ,3.5995,0.27781636338380333,0.18491
2,a,anti-FVII mAb,aex,Q Sepharose HP,5.3719,0.18615387479290382,17.69
2,a,anti-FVII mAb,aex,Q Sepharose HP,5.1002,0.19607074232383043,7.43
2,a,anti-FVII mAb,aex,Q Sepharose HP,4.8451,0.20639408887329466,4.5769
2,a,anti-FVII mAb,aex,Q Sepharose HP,4.6027,0.21726377995524368,2.8196
2,a,anti-FVII mAb,aex,Q Sepharose HP,4.3727,0.22869165504150754,1.8085
2,a,anti-FVII mAb,aex,Q Sepharose XL,5.6198,0.17794227552581943,19.185
2,a,anti-FVII mAb,aex,Q Sepharose XL,5.042,0.19833399444664818,6.322
2,a,anti-FVII mAb,aex,Q Sepharose XL,4.5999,0.21739603034848584,1.8839
2,a,anti-FVII mAb,aex,Q Sepharose XL,4.1975,0.23823704586063135,0.6465
2,a,anti-FVII mAb,aex,Q Sepharose XL,3.8752,0.2580511973575557,0.29423
2,a,anti-FVII mAb,aex,Q Sepharose XL,3.5986,0.2778858444950814,0.15422
2,a,anti-FVII mAb,aex,Q Sepharose XL,3.3609,0.2975393495789818,0.08763
2,a,anti-FVII mAb,aex,Q-Cellthru Bigbeads Plus,12.8165,0.07802442164397456,0.09835
2,a,anti-FVII mAb,aex,Q-Cellthru Bigbeads Plus,12.0309,0.08311930113291607,0.038102
2,a,anti-FVII mAb,aex,Separon HemaBio 1000Q,8.6608,0.11546277480140403,13.961
2,a,anti-FVII mAb,aex,Separon HemaBio 1000Q,7.8625,0.1271860095389507,6.614
2,a,anti-FVII mAb,aex,Separon HemaBio 1000Q,7.2991,0.13700319217437765,2.8338
2,a,anti-FVII mAb,aex,Separon HemaBio 1000Q,6.7749,0.14760365466648956,1.0758
2,a,anti-FVII mAb,aex,Separon HemaBio 1000Q,5.9439,0.168239707935867,0.38419
2,a,anti-FVII mAb,aex,Toyopearl QAE 550c,4.3476,0.23001196062195234,1.6682
2,a,anti-FVII mAb,aex,Toyopearl QAE 550c,3.9683,0.2519970768339087,0.6864
2,a,anti-FVII mAb,aex,Toyopearl QAE 550c,3.6024,0.27759271596713303,0.31869
2,a,anti-FVII mAb,aex,Toyopearl QAE 550c,3.3071,0.3023797284630038,0.14214
2,a,anti-FVII mAb,aex,Toyopearl QAE 550c,3.0538,0.3274608684262231,0.0745
2,a,anti-FVII mAb,aex,Toyopearl SuperQ 650c,10.2567,0.09749724570280889,18.548
2,a,anti-FVII mAb,aex,Toyopearl SuperQ 650c,9.7842,0.10220559677847958,4.2549
2,a,anti-FVII mAb,aex,Toyopearl SuperQ 650c,9.2392,0.1082344791756862,2.0578
2,a,anti-FVII mAb,aex,Toyopearl SuperQ 650c,8.8249,0.11331573162302123,1.1233
2,a,anti-FVII mAb,aex,Toyopearl SuperQ 650c,8.4301,0.11862255489258729,0.6647
2,a,anti-FVII mAb,aex,Toyopearl SuperQ 650c,7.7803,0.12852974821022325,0.24235
2,a,anti-FVII mAb,aex,Toyopearl SuperQ 650c,7.296,0.1370614035087719,0.047304
2,a,anti-FVII mAb,aex,UNO Q-1,7.3574,0.13591757957974285,13.658
2,a,anti-FVII mAb,aex,UNO Q-1,6.7981,0.14709992497903826,10.932
2,a,anti-FVII mAb,aex,UNO Q-1,5.9584,0.16783029001074112,2.007
2,a,anti-FVII mAb,aex,UNO Q-1,5.6934,0.17564197140548707,1.4239
2,a,anti-FVII mAb,aex,UNO Q-1,4.9391,0.20246603632240692,0.49831
2,a,anti-FVII mAb,aex,UNO Q-1,4.4853,0.22295052727799702,0.2947
2,b,aprotinin,aex,Poros 50 HQ,32.577,0.030696503668232192,0.5893
2,b,aprotinin,aex,Poros 50 HQ,24.687,0.04050714951188884,0.38619
2,b,aprotinin,aex,Poros 50 HQ,16.424,0.06088650754992694,0.20279
2,b,aprotinin,aex,Poros 50 HQ,12.3038,0.08127570344121328,0.12011
2,b,aprotinin,aex,Q Sepharose HP,24.574,0.040693415805322694,0.6156
2,b,aprotinin,aex,Q Sepharose HP,19.807,0.050487201494421166,0.34279
2,b,aprotinin,aex,Q Sepharose HP,16.4269,0.060875758664142354,0.21992
2,b,aprotinin,aex,Q Sepharose HP,14.0867,0.07098894702094884,0.11752
2,b,aprotinin,aex,Q Sepharose HP,10.97,0.09115770282588878,0.0503
2,b,aprotinin,aex,Q Sepharose HP,8.9861,0.11128298149364017,0.019843
2,b,aprotinin,aex,Q Sepharose XL,16.2544,0.061521803327099125,3.8327
2,b,aprotinin,aex,Q Sepharose XL,14.0886,0.07097937339409167,1.5735
2,b,aprotinin,aex,Q Sepharose XL,12.3567,0.08092775579240412,0.8238
2,b,aprotinin,aex,Q Sepharose XL,11.0276,0.09068156262468716,0.5281
2,b,aprotinin,aex,Q Sepharose XL,9.8948,0.10106318470307636,0.30586
2,b,aprotinin,aex,Q Sepharose XL,9.0835,0.11008972312434634,0.20002
2,b,aprotinin,aex,Q Sepharose XL,8.2918,0.12060107576159579,0.13081
2,b,aprotinin,aex,Q-Cellthru Bigbeads Plus,19.669,0.050841425593573644,2.3514
2,b,aprotinin,aex,Q-Cellthru Bigbeads Plus,16.4099,0.060938823515073216,1.7384
2,b,aprotinin,aex,Q-Cellthru Bigbeads Plus,12.3589,0.08091334989359894,0.8933
2,b,aprotinin,aex,Separon HemaBio 1000Q,10.9973,0.0909314104371073,24.345
2,b,aprotinin,aex,Separon HemaBio 1000Q,9.9589,0.10041269618130516,5.55
2,b,aprotinin,aex,Separon HemaBio 1000Q,9.0917,0.10999043083251758,3.7798
2,b,aprotinin,aex,Separon HemaBio 1000Q,8.2474,0.12125033343841694,1.8614
2,b,aprotinin,aex,Separon HemaBio 1000Q,7.793,0.12832028743744386,1.6493
2,b,aprotinin,aex,Separon HemaBio 1000Q,6.6407,0.15058653455208035,0.6503
2,b,aprotinin,aex,Toyopearl QAE 550c,19.774,0.050571457469404266,2.0402
2,b,aprotinin,aex,Toyopearl QAE 550c,14.1402,0.07072035756212783,0.6449
2,b,aprotinin,aex,Toyopearl QAE 550c,11.0057,0.09086200786864988,0.21646
2,b,aprotinin,aex,Toyopearl QAE 550c,8.9573,0.11164078461143424,0.05929
2,b,aprotinin,aex,UNO Q-1,27.944,0.035785857429144,0.35563
2,b,aprotinin,aex,UNO Q-1,24.532,0.040763084950269035,0.28496
2,b,aprotinin,aex,UNO Q-1,19.675,0.05082592121982211,0.21508
2,b,aprotinin,aex,UNO Q-1,17.855,0.056006720806496775,0.12711
2,b,aprotinin,aex,UNO Q-1,12.196,0.0819940964250574,0.029068
2,c,lipolase,aex,Poros 50 HQ,6.5443,0.15280473083446663,5.064
2,c,lipolase,aex,Poros 50 HQ,4.9148,0.2034670790266135,0.8657
2,c,lipolase,aex,Poros 50 HQ,4.3693,0.22886961298148445,0.50339
2,c,lipolase,aex,Poros 50 HQ,3.5908,0.2784894730979169,0.18082
2,c,lipolase,aex,Poros 50 HQ,3.0355,0.3294350189425136,0.08602
2,c,lipolase,aex,Q Sepharose HP,6.7698,0.14771485125114478,7.123
2,c,lipolase,aex,Q Sepharose HP,6.3644,0.15712400226258563,4.8641
2,c,lipolase,aex,Q Sepharose HP,5.9489,0.16809830388811375,2.9451
2,c,lipolase,aex,Q Sepharose HP,5.6239,0.1778125500097797,2.0113
2,c,lipolase,aex,Q Sepharose HP,5.2876,0.18912171873817987,1.4883
2,c,lipolase,aex,Q Sepharose HP,5.0273,0.19891392994251386,1.1236
2,c,lipolase,aex,Q Sepharose XL,5.6313,0.17757888942162556,4.9593
2,c,lipolase,aex,Q Sepharose XL,5.0359,0.1985742369784944,3.5958
2,c,lipolase,aex,Q Sepharose XL,4.5772,0.21847417635235514,1.9301
2,c,lipolase,aex,Q Sepharose XL,4.1838,0.23901716143219084,1.0784
2,c,lipolase,aex,Q-Cellthru Bigbeads Plus,12.7746,0.07828033754481549,0.25603
2,c,lipolase,aex,Q-Cellthru Bigbeads Plus,11.9429,0.08373175694345594,0.17485
2,c,lipolase,aex,Q-Cellthru Bigbeads Plus,11.2919,0.08855905560623102,0.132
2,c,lipolase,aex,Q-Cellthru Bigbeads Plus,10.1513,0.09850955050092106,0.07832
2,c,lipolase,aex,Q-Cellthru Bigbeads Plus,7.7998,0.1282084156004,0.019998
2,c,lipolase,aex,Separon HemaBio 1000Q,8.4492,0.1183544004166075,3.679
2,c,lipolase,aex,Separon HemaBio 1000Q,7.7646,0.12878963501017437,1.8226
2,c,lipolase,aex,Separon HemaBio 1000Q,7.2184,0.138534855369611,1.1957
2,c,lipolase,aex,Separon HemaBio 1000Q,6.7484,0.1481832730721356,0.8165
2,c,lipolase,aex,Toyopearl QAE 550c,6.2951,0.15885371161697193,5.486
2,c,lipolase,aex,Toyopearl QAE 550c,5.6303,0.17761042928440757,4.3971
2,c,lipolase,aex,Toyopearl QAE 550c,5.03,0.19880715705765406,1.6121
2,c,lipolase,aex,Toyopearl QAE 550c,4.6002,0.21738185296291465,1.3185
2,c,lipolase,aex,Toyopearl QAE 550c,4.1823,0.2391028859718337,0.8477
2,c,lipolase,aex,Toyopearl QAE 550c,3.8659,0.2586719780646163,0.50305
2,c,lipolase,aex,Toyopearl SuperQ 650c,8.4581,0.11822986249866992,7.573
2,c,lipolase,aex,Toyopearl SuperQ 650c,7.7731,0.12864880163641276,3.8279
2,c,lipolase,aex,Toyopearl SuperQ 650c,7.2685,0.13757996835660727,3.008
2,c,lipolase,aex,Toyopearl SuperQ 650c,6.7938,0.14719302893814948,1.7851
2,c,lipolase,aex,Toyopearl SuperQ 650c,6.2814,0.15920017830419972,1.2437
2,c,lipolase,aex,UNO Q-1,8.466,0.11811953697141508,14.388
2,c,lipolase,aex,UNO Q-1,7.7779,0.12856940819501408,5.833
2,c,lipolase,aex,UNO Q-1,7.2294,0.13832406562093674,3.3925
2,c,lipolase,aex,UNO Q-1,6.7198,0.14881395279621418,2.0132
2,c,lipolase,aex,UNO Q-1,6.3177,0.15828545198410812,1.4311
2,c,lipolase,aex,UNO Q-1,5.6156,0.17807536149298384,0.7379
2,c,lipolase,aex,UNO Q-1,4.9109,0.2036286627705716,0.50371
2,d,myoglobin,aex,Poros 50 HQ,33.739,0.029639289842615373,10.975
2,d,myoglobin,aex,Poros 50 HQ,29.086,0.03438080176029705,4.8335
2,d,myoglobin,aex,Poros 50 HQ,25.231,0.03963378383734295,2.5999
2,d,myoglobin,aex,Poros 50 HQ,22.649,0.044152059693584704,1.7082
2,d,myoglobin,aex,Poros 50 HQ,20.225,0.049443757725587144,1.2404
2,d,myoglobin,aex,Poros 50 HQ,18.474,0.054130128829706615,0.9757
2,d,myoglobin,aex,Q Sepharose HP,33.911,0.029488956385833504,9.167
2,d,myoglobin,aex,Q Sepharose HP,29.076,0.03439262622093823,4.2868
2,d,myoglobin,aex,Q Sepharose HP,25.222,0.039647926413448574,2.3059
2,d,myoglobin,aex,Q Sepharose HP,22.513,0.04441878026029405,1.485
2,d,myoglobin,aex,Q Sepharose HP,20.215,0.04946821667078902,1.0569
2,d,myoglobin,aex,Q Sepharose XL,29.012,0.03446849579484351,13.677
2,d,myoglobin,aex,Q Sepharose XL,25.461,0.03927575507639135,8.462
2,d,myoglobin,aex,Q Sepharose XL,22.477,0.044489923032433154,5.787
2,d,myoglobin,aex,Q Sepharose XL,20.184,0.04954419342053111,4.2019
2,d,myoglobin,aex,Q Sepharose XL,18.434,0.05424758598242378,3.1757
2,d,myoglobin,aex,Q Sepharose XL,16.8397,0.059383480703337946,2.5485
2,d,myoglobin,aex,Q Sepharose XL,14.4555,0.06917782159039812,1.7779
2,d,myoglobin,aex,Q-Cellthru Bigbeads Plus,33.566,0.029792051480664956,0.28801
2,d,myoglobin,aex,Q-Cellthru Bigbeads Plus,28.811,0.03470896532574364,0.19305
2,d,myoglobin,aex,Q-Cellthru Bigbeads Plus,25.307,0.03951475876239776,0.16124
2,d,myoglobin,aex,Q-Cellthru Bigbeads Plus,20.173,0.049571209041788536,0.07848
2,d,myoglobin,aex,Q-Cellthru Bigbeads Plus,12.6219,0.07922737464248647,0.029451
2,d,myoglobin,aex,Separon HemaBio 1000Q,31.165,0.03208727739451308,1.2654
2,d,myoglobin,aex,Separon HemaBio 1000Q,28.777,0.034749973937519545,0.8653
2,d,myoglobin,aex,Separon HemaBio 1000Q,25.552,0.03913587977457733,0.6283
2,d,myoglobin,aex,Toyopearl QAE 550c,20.207,0.04948780125699015,0.9188
2,d,myoglobin,aex,Toyopearl QAE 550c,16.7662,0.05964380718350013,0.58
2,d,myoglobin,aex,Toyopearl QAE 550c,14.4709,0.06910420222653739,0.38108
2,d,myoglobin,aex,Toyopearl QAE 550c,12.6339,0.07915212246416388,0.27123
2,d,myoglobin,aex,Toyopearl QAE 550c,11.2181,0.0891416550039668,0.19695
2,d,myoglobin,aex,Toyopearl SuperQ 650c,33.961,0.029445540472895382,15.115
2,d,myoglobin,aex,Toyopearl SuperQ 650c,28.94,0.03455425017277125,5.904
2,d,myoglobin,aex,Toyopearl SuperQ 650c,25.392,0.03938248267170762,3.3721
2,d,myoglobin,aex,Toyopearl SuperQ 650c,22.414,0.0446149727848666,2.2155
2,d,myoglobin,aex,Toyopearl SuperQ 650c,20.24,0.049407114624505935,1.6087
2,d,myoglobin,aex,UNO Q-1,33.925,0.02947678703021371,1.5769
2,d,myoglobin,aex,UNO Q-1,25.425,0.03933136676499508,0.783
2,d,myoglobin,aex,UNO Q-1,20.167,0.04958595725690484,0.47487
2,d,myoglobin,aex,UNO Q-1,16.7434,0.059725025980386294,0.36614
2,d,myoglobin,aex,UNO Q-1,14.4606,0.06915342378601165,0.29976
2,d,myoglobin,aex,UNO Q-1,12.6286,0.07918534120963527,0.23579
3,a,anti-FVII mAb,cex,SP Sepharose BB,0.92675,0.11837227652368636,0.3957
3,a,anti-FVII mAb,cex,SP Sepharose BB,0.84356,0.1433639637737845,0.17368
3,a,anti-FVII mAb,cex,Source 30S,1.16411,0.06853146249919753,2.4779
3,a,anti-FVII mAb,cex,Source 30S,1.02708,0.09395502230761585,0.4654
3,a,anti-FVII mAb,cex,Source 30S,0.9292,0.1177063790780569,0.2591
3,a,anti-FVII mAb,cex,Source 30S,0.84356,0.1433639637737845,0.07252
3,a,anti-FVII mAb,cex,TSKGel SP-5PW-HR20,0.9292,0.1177063790780569,0.3957
3,a,anti-FVII mAb,cex,TSKGel SP-5PW-HR20,0.846,0.14256075936021884,0.15216
3,a,anti-FVII mAb,cex,TSKGel SP-5PW-HR20,0.77504,0.16786494016787726,0.07832
3,a,anti-FVII mAb,cex,Toyopearl SP 550c,0.83132,0.14746195930118133,2.7225
3,a,anti-FVII mAb,cex,Toyopearl SP 550c,0.80196,0.15777565797587073,1.331
3,a,anti-FVII mAb,cex,Toyopearl SP 550c,0.77504,0.16786494016787726,0.8042
3,a,anti-FVII mAb,cex,Toyopearl SP 550c,0.71142,0.19434796610409136,0.28583
3,a,anti-FVII mAb,cex,Toyopearl SP 550c,0.66003,0.21876105039500426,0.10716
3,b,aprotinin,cex,SP Sepharose BB,0.53213,0.29367704390795407,8.417
3,b,aprotinin,cex,SP Sepharose BB,0.49777,0.3178556971499816,5.662
3,b,aprotinin,cex,SP Sepharose BB,0.46093,0.3459951411598073,3.4272
3,b,aprotinin,cex,SP Sepharose BB,0.43147,0.370279782537947,2.3673
3,b,aprotinin,cex,SP Sepharose BB,0.40447,0.39403064537737437,1.77
3,b,aprotinin,cex,SP Sepharose XL,0.53445,0.29211240476828637,5.235
3,b,aprotinin,cex,SP Sepharose XL,0.51234,0.3073689545775859,3.713
3,b,aprotinin,cex,SP Sepharose XL,0.49762,0.31796549957959497,3.2531
3,b,aprotinin,cex,SP Sepharose XL,0.46578,0.34215272248772804,2.8494
3,b,aprotinin,cex,SP Sepharose XL,0.43629,0.36619296775290966,1.8184
3,b,aprotinin,cex,SP Sepharose XL,0.37988,0.4169845846526065,1.1002
3,b,aprotinin,cex,Source 30S,0.56894,0.2698112164667873,12.513
3,b,aprotinin,cex,Source 30S,0.53209,0.2937040938089672,7.185
3,b,aprotinin,cex,Source 30S,0.49526,0.31969805935019735,4.465
3,b,aprotinin,cex,Source 30S,0.46335,0.3440725293018625,3.084
3,b,aprotinin,cex,Source 30S,0.43388,0.3682307054910995,2.0748
3,b,aprotinin,cex,TSKGel SP-5PW-HR20,0.52963,0.29537245998459893,6.815
3,b,aprotinin,cex,TSKGel SP-5PW-HR20,0.49527,0.3196906981150898,4.707
3,b,aprotinin,cex,TSKGel SP-5PW-HR20,0.4658,0.34213696613536776,3.0842
3,b,aprotinin,cex,TSKGel SP-5PW-HR20,0.43389,0.36822222676338234,2.1303
3,b,aprotinin,cex,TSKGel SP-5PW-HR20,0.40934,0.3896368287770522,1.5928
3,b,aprotinin,cex,Toyopearl SP 550c,0.37804,0.4187549945813812,10.93
3,b,aprotinin,cex,Toyopearl SP 550c,0.35345,0.4431492309931593,6.976
3,b,aprotinin,cex,Toyopearl SP 550c,0.32888,0.46894293796785413,4.819
3,b,aprotinin,cex,Toyopearl SP 550c,0.30925,0.4906253681833185,3.7987
3,b,aprotinin,cex,Toyopearl SP 550c,0.28714,0.5162499231327473,2.7665
3,b,aprotinin,cex,Toyopearl SP 650c,0.70339,0.19797483970457347,7.597
3,b,aprotinin,cex,Toyopearl SP 650c,0.68134,0.20828596177267245,6.655
3,b,aprotinin,cex,Toyopearl SP 650c,0.65921,0.21917448764723033,4.598
3,b,aprotinin,cex,Toyopearl SP 650c,0.61016,0.2453804734066563,3.0115
3,b,aprotinin,cex,Toyopearl SP 650c,0.57335,0.26708530878171177,1.973
3,c,lysozyme,cex,Poros 50 HS,0.43491,0.3673584212726717,42.87
3,c,lysozyme,cex,Poros 50 HS,0.40555,0.39305199051975825,11.415
3,c,lysozyme,cex,Poros 50 HS,0.37618,0.42055228792068367,6.548
3,c,lysozyme,cex,Poros 50 HS,0.35416,0.44242534681272105,4.066
3,c,lysozyme,cex,Poros 50 HS,0.32969,0.46806913046276144,2.8825
3,c,lysozyme,cex,Poros 50 HS,0.30767,0.4924135555205264,2.1544
3,c,lysozyme,cex,SP Sepharose BB,0.53034,0.2948899691301281,5.89
3,c,lysozyme,cex,SP Sepharose BB,0.46672,0.3414129577481946,1.938
3,c,lysozyme,cex,SP Sepharose BB,0.43736,0.3652918644610606,1.2358
3,c,lysozyme,cex,SP Sepharose BB,0.4031,0.39527559401972756,0.788
3,c,lysozyme,cex,SP Sepharose XL,0.53279,0.29323108004771525,8.309
3,c,lysozyme,cex,SP Sepharose XL,0.49608,0.3190950006246194,5.736
3,c,lysozyme,cex,SP Sepharose XL,0.46427,0.3433444249995876,3.857
3,c,lysozyme,cex,SP Sepharose XL,0.43246,0.36943666916604817,2.2122
3,c,lysozyme,cex,SP Sepharose XL,0.4031,0.39527559401972756,1.7433
3,c,lysozyme,cex,Source 30S,0.61354,0.24347815379575766,11.415
3,c,lysozyme,cex,Source 30S,0.57194,0.267953849117141,6.723
3,c,lysozyme,cex,Source 30S,0.53279,0.29323108004771525,3.4692
3,c,lysozyme,cex,Source 30S,0.49853,0.31729994732270417,2.2715
3,c,lysozyme,cex,Source 30S,0.46672,0.3414129577481946,1.5272
3,c,lysozyme,cex,TSKGel SP-5PW-HR20,0.61354,0.24347815379575766,16.103
3,c,lysozyme,cex,TSKGel SP-5PW-HR20,0.57194,0.267953849117141,8.995
3,c,lysozyme,cex,TSKGel SP-5PW-HR20,0.53279,0.29323108004771525,5.025
3,c,lysozyme,cex,TSKGel SP-5PW-HR20,0.49608,0.3190950006246194,3.0392
3,c,lysozyme,cex,TSKGel SP-5PW-HR20,0.46672,0.3414129577481946,1.99
3,c,lysozyme,cex,TSKGel SP-5PW-HR20,0.43491,0.3673584212726717,1.303
3,c,lysozyme,cex,Toyopearl SP 550c,0.32969,0.46806913046276144,10.544
3,c,lysozyme,cex,Toyopearl SP 550c,0.30767,0.4924135555205264,7.089
3,c,lysozyme,cex,Toyopearl SP 550c,0.28809,0.5151218834426511,4.52
3,c,lysozyme,cex,Toyopearl SP 550c,0.26607,0.5419135372197037,3.1207
3,c,lysozyme,cex,Toyopearl SP 550c,0.24649,0.5669046248342903,2.5929
3,c,lysozyme,cex,Toyopearl SP 650c,0.61354,0.24347815379575766,7.675
3,c,lysozyme,cex,Toyopearl SP 650c,0.57439,0.26644648785896685,4.175
3,c,lysozyme,cex,Toyopearl SP 650c,0.53279,0.29323108004771525,2.2715
3,c,lysozyme,cex,Toyopearl SP 650c,0.50098,0.3155149920052463,1.3379
3,c,lysozyme,cex,Toyopearl SP 650c,0.46672,0.3414129577481946,0.9237
3,d,myoglobin,cex,Poros 50 HS,1.02668,0.09404159794456082,2.8148
3,d,myoglobin,cex,Poros 50 HS,0.92426,0.11905290580769431,1.4094
3,d,myoglobin,cex,Poros 50 HS,0.84134,0.14409867916197247,0.8277
3,d,myoglobin,cex,Poros 50 HS,0.77067,0.1695625737504226,0.4149
3,d,myoglobin,cex,SP Sepharose BB,1.02959,0.0934135764759714,0.4779
3,d,myoglobin,cex,SP Sepharose BB,0.92479,0.1189077058180968,0.18857
3,d,myoglobin,cex,Source 30S,1.23197,0.05861786549025024,2.0638
3,d,myoglobin,cex,Source 30S,1.1052,0.07848741034887301,0.7717
3,d,myoglobin,cex,Source 30S,1.00765,0.09825394572822461,0.4075
3,d,myoglobin,cex,Source 30S,0.92714,0.11826602496486603,0.26603
3,d,myoglobin,cex,TSKGel SP-5PW-HR20,1.16145,0.06895249730975739,0.6093
3,d,myoglobin,cex,TSKGel SP-5PW-HR20,1.0274,0.0938858191873097,0.18431
3,d,myoglobin,cex,Toyopearl SP 550c,0.92688,0.11833684873524307,0.7083
3,d,myoglobin,cex,Toyopearl SP 550c,0.84396,0.14323198147286706,0.416
3,d,myoglobin,cex,Toyopearl SP 550c,0.77326,0.16855436352834993,0.23801
3,d,myoglobin,cex,Toyopearl SP 550c,0.71481,0.19283683728055317,0.11936
3,d,myoglobin,cex,Toyopearl SP 650c,1.54226,0.028690624400687637,1.8769
3,d,myoglobin,cex,Toyopearl SP 650c,1.41543,0.03842111817140287,0.8673
3,d,myoglobin,cex,Toyopearl SP 650c,1.31059,0.048911389425855004,0.3906
3,d,myoglobin,cex,Toyopearl SP 650c,1.23254,0.05854098156008867,0.2419
3,d,myoglobin,cex,Toyopearl SP 650c,1.10335,0.07882246275836284,0.08136
4,a,anti-FVII mAb,cex,CM Ceramic HyperD F,0.92928,0.11768469875864418,25.188
4,a,anti-FVII mAb,cex,CM Ceramic HyperD F,0.84272,0.14364152260015858,16.202
4,a,anti-FVII mAb,cex,CM Ceramic HyperD F,0.77377,0.16835654321304305,5.377
4,a,anti-FVII mAb,cex,CM Ceramic HyperD F,0.71451,0.19297009026727627,0.31406
4,a,anti-FVII mAb,cex,CM Sepharose FF,1.10719,0.0781285924117714,20.767
4,a,anti-FVII mAb,cex,CM Sepharose FF,1.0535,0.08840971692004954,6.892
4,a,anti-FVII mAb,cex,CM Sepharose FF,1.00752,0.09828336107974171,3.1842
4,a,anti-FVII mAb,cex,Heparin Ceramic HyperD M,0.66153,0.21800677982360842,1.3922
4,a,anti-FVII mAb,cex,Heparin Ceramic HyperD M,0.6437,0.22714333606565065,1.2129
4,a,anti-FVII mAb,cex,Heparin Ceramic HyperD M,0.62839,0.2352935379653722,1.0
4,a,anti-FVII mAb,cex,Heparin Ceramic HyperD M,0.61307,0.24374179213538671,0.802
4,a,anti-FVII mAb,cex,Heparin Sepharose FF,0.71215,0.1940215635112875,0.6087
4,a,anti-FVII mAb,cex,Heparin Sepharose FF,0.69173,0.2033620916017524,0.4495
4,a,anti-FVII mAb,cex,Heparin Sepharose FF,0.66119,0.2181775195640344,0.4025
4,a,anti-FVII mAb,cex,Heparin Sepharose FF,0.61788,0.24105714021678687,0.28912
4,a,anti-FVII mAb,cex,Heparin Sepharose FF,0.57457,0.2663360779131095,0.20767
4,a,anti-FVII mAb,cex,Heparin Toyopearl 650m,0.77389,0.16831003100723244,8.359
4,a,anti-FVII mAb,cex,Heparin Toyopearl 650m,0.71251,0.193860799733953,2.2249
4,a,anti-FVII mAb,cex,Heparin Toyopearl 650m,0.65886,0.21935119260916078,0.8712
4,a,anti-FVII mAb,cex,Heparin Toyopearl 650m,0.61546,0.24240412167201505,0.462
4,a,anti-FVII mAb,cex,Heparin Toyopearl 650m,0.57206,0.2678798209603493,0.23837
4,a,anti-FVII mAb,cex,S Ceramic HyperD 20,1.03237,0.09281752848829682,0.3916
4,a,anti-FVII mAb,cex,S Ceramic HyperD 20,0.92799,0.11803478138516352,0.23837
4,a,anti-FVII mAb,cex,SP Toyopearl 650m,1.16745,0.06800643357965494,1.3175
4,a,anti-FVII mAb,cex,SP Toyopearl 650m,1.02979,0.09337056783810098,0.34114
4,a,anti-FVII mAb,cex,SP Toyopearl 650m,0.92513,0.11881465191012953,0.07486
4,b,aprotinin,cex,CM Ceramic HyperD F,0.46441,0.34323376167169967,19.306
4,b,aprotinin,cex,CM Ceramic HyperD F,0.44915,0.355508509072744,15.49
4,b,aprotinin,cex,CM Ceramic HyperD F,0.4339,0.36821374823089287,10.832
4,b,aprotinin,cex,CM Ceramic HyperD F,0.40847,0.3904181507066163,8.453
4,b,aprotinin,cex,CM Ceramic HyperD F,0.35,0.44668359215096315,4.365
4,b,aprotinin,cex,CM Sepharose FF,0.61695,0.2415738940659219,3.5205
4,b,aprotinin,cex,CM Sepharose FF,0.57373,0.2668517160641534,1.9748
4,b,aprotinin,cex,CM Sepharose FF,0.49746,0.3180826639798568,0.5882
4,b,aprotinin,cex,CM Sepharose FF,0.46186,0.3452550184670483,0.27981
4,b,aprotinin,cex,CM Toyopearl 650m,0.61441,0.24299089463378964,8.485
4,b,aprotinin,cex,CM Toyopearl 650m,0.57119,0.26841698881293896,5.613
4,b,aprotinin,cex,CM Toyopearl 650m,0.53305,0.29305558331189135,3.2368
4,b,aprotinin,cex,CM Toyopearl 650m,0.49746,0.3180826639798568,1.8665
4,b,aprotinin,cex,CM Toyopearl 650m,0.43136,0.3703735804940492,1.1365
4,b,aprotinin,cex,CM Toyopearl 650m,0.37797,0.4188224953517242,0.6922
4,b,aprotinin,cex,Heparin Ceramic HyperD M,0.66017,0.2186905415296018,2.8276
4,b,aprotinin,cex,Heparin Ceramic HyperD M,0.61441,0.24299089463378964,1.8705
4,b,aprotinin,cex,Heparin Ceramic HyperD M,0.57119,0.26841698881293896,1.3438
4,b,aprotinin,cex,Heparin Ceramic HyperD M,0.49492,0.3199484422222912,0.8181
4,b,aprotinin,cex,Heparin Ceramic HyperD M,0.4339,0.36821374823089287,0.4847
4,b,aprotinin,cex,Heparin Sepharose FF,0.71102,0.19452704965429624,1.1742
4,b,aprotinin,cex,Heparin Sepharose FF,0.66017,0.2186905415296018,0.7556
4,b,aprotinin,cex,Heparin Sepharose FF,0.60932,0.24585554060221282,0.5428
4,b,aprotinin,cex,Heparin Sepharose FF,0.57119,0.26841698881293896,0.5134
4,b,aprotinin,cex,Heparin Sepharose FF,0.49746,0.3180826639798568,0.31254
4,b,aprotinin,cex,Heparin Toyopearl 650m,0.77203,0.16903241641536232,6.118
4,b,aprotinin,cex,Heparin Toyopearl 650m,0.71356,0.19339266583204973,3.937
4,b,aprotinin,cex,Heparin Toyopearl 650m,0.66271,0.21741524838743784,2.4646
4,b,aprotinin,cex,Heparin Toyopearl 650m,0.61441,0.24299089463378964,1.6757
4,b,aprotinin,cex,Heparin Toyopearl 650m,0.57373,0.2668517160641534,1.2719
4,b,aprotinin,cex,Heparin Toyopearl 650m,0.52797,0.2965036199894983,1.0484
4,b,aprotinin,cex,S Ceramic HyperD 20,0.56864,0.26999765984012103,13.907
4,b,aprotinin,cex,S Ceramic HyperD 20,0.53305,0.29305558331189135,9.201
4,b,aprotinin,cex,S Ceramic HyperD 20,0.49746,0.3180826639798568,6.432
4,b,aprotinin,cex,S Ceramic HyperD 20,0.46186,0.3452550184670483,4.496
4,b,aprotinin,cex,S Ceramic HyperD 20,0.4339,0.36821374823089287,3.5087
4,b,aprotinin,cex,S Ceramic HyperD 20,0.40339,0.39501173697454,2.8144
4,b,aprotinin,cex,SP Sepharose FF,0.49746,0.3180826639798568,5.022
4,b,aprotinin,cex,SP Sepharose FF,0.46441,0.34323376167169967,3.4155
4,b,aprotinin,cex,SP Sepharose FF,0.4339,0.36821374823089287,2.5227
4,b,aprotinin,cex,SP Sepharose FF,0.40339,0.39501173697454,1.8633
4,b,aprotinin,cex,SP Sepharose FF,0.37797,0.4188224953517242,1.4947
4,b,aprotinin,cex,SP Sepharose FF,0.35,0.44668359215096315,1.1348
4,b,aprotinin,cex,SP Toyopearl 650m,0.65763,0.2199733151617981,7.005
4,b,aprotinin,cex,SP Toyopearl 650m,0.61186,0.24442183486121455,3.823
4,b,aprotinin,cex,SP Toyopearl 650m,0.53305,0.29305558331189135,1.6278
4,b,aprotinin,cex,SP Toyopearl 650m,0.49237,0.3218325749482017,1.1069
4,c,lysozyme,cex,CM Ceramic HyperD F,0.49848,0.3173364799320855,114.78
4,c,lysozyme,cex,CM Ceramic HyperD F,0.45195,0.3532238338478162,59.56
4,c,lysozyme,cex,CM Ceramic HyperD F,0.43379,0.3683070228265407,35.5
4,c,lysozyme,cex,CM Ceramic HyperD F,0.40522,0.3933507657839022,13.514
4,c,lysozyme,cex,CM Ceramic HyperD F,0.35347,0.44312882368679335,5.322
4,c,lysozyme,cex,CM Sepharose FF,0.58811,0.25816062273370993,8.67
4,c,lysozyme,cex,CM Sepharose FF,0.55449,0.2789394883791313,5.166
4,c,lysozyme,cex,CM Sepharose FF,0.47175,0.33748152273505394,1.597
4,c,lysozyme,cex,CM Sepharose FF,0.44335,0.3602881680320598,1.2538
4,c,lysozyme,cex,Heparin Ceramic HyperD M,0.57026,0.2689923939306533,20.515
4,c,lysozyme,cex,Heparin Ceramic HyperD M,0.53139,0.29417787059308254,7.808
4,c,lysozyme,cex,Heparin Ceramic HyperD M,0.49514,0.31978640739365477,3.783
4,c,lysozyme,cex,Heparin Ceramic HyperD M,0.43315,0.3688501802280677,2.031
4,c,lysozyme,cex,Heparin Ceramic HyperD M,0.37894,0.4178880960327531,1.3884
4,c,lysozyme,cex,Heparin Sepharose FF,0.71692,0.19190222050678168,6.6
4,c,lysozyme,cex,Heparin Sepharose FF,0.68339,0.20730510645045952,5.947
4,c,lysozyme,cex,Heparin Sepharose FF,0.66014,0.21870564865880474,4.669
4,c,lysozyme,cex,Heparin Sepharose FF,0.63691,0.2307225271607657,4.066
4,c,lysozyme,cex,Heparin Sepharose FF,0.61111,0.2448443010979078,3.54
4,c,lysozyme,cex,Heparin Toyopearl 650m,0.66032,0.21861502153505785,10.318
4,c,lysozyme,cex,Heparin Toyopearl 650m,0.6138,0.24333243383582492,5.937
4,c,lysozyme,cex,Heparin Toyopearl 650m,0.56989,0.2692216613940025,3.922
4,c,lysozyme,cex,Heparin Toyopearl 650m,0.5311,0.29437437337117406,2.1809
4,c,lysozyme,cex,Heparin Toyopearl 650m,0.49753,0.318031399243388,1.598
4,c,lysozyme,cex,S Ceramic HyperD 20,0.46451,0.34315473827564974,14.007
4,c,lysozyme,cex,S Ceramic HyperD 20,0.43606,0.36638695292292484,8.942
4,c,lysozyme,cex,S Ceramic HyperD 20,0.40504,0.3935138298234925,6.116
4,c,lysozyme,cex,S Ceramic HyperD 20,0.37919,0.41764760953185676,4.33
4,c,lysozyme,cex,S Ceramic HyperD 20,0.35335,0.443251281623047,3.173
4,c,lysozyme,cex,SP Sepharose FF,0.57269,0.26749150854504516,10.658
4,c,lysozyme,cex,SP Sepharose FF,0.46672,0.3414129577481946,2.678
4,c,lysozyme,cex,SP Sepharose FF,0.40211,0.39617767593719283,1.2526
4,c,lysozyme,cex,SP Toyopearl 650m,0.61652,0.2418131976273403,11.43
4,c,lysozyme,cex,SP Toyopearl 650m,0.57516,0.26597449930073896,6.355
4,c,lysozyme,cex,SP Toyopearl 650m,0.53635,0.2908372302196583,3.299
4,c,lysozyme,cex,SP Toyopearl 650m,0.49757,0.31800210881792257,1.9651
4,c,lysozyme,cex,SP Toyopearl 650m,0.46137,0.3456447780408888,1.1311
4,d,myoglobin,cex,Heparin Sepharose FF,0.84228,0.14378712494991674,0.12956
4,d,myoglobin,cex,Heparin Sepharose FF,0.77122,0.16934797192726217,0.09098
4,d,myoglobin,cex,Heparin Sepharose FF,0.71025,0.1948722501977469,0.08023
4,d,myoglobin,cex,Heparin Sepharose FF,0.65698,0.2203027913902126,0.05874
4,d,myoglobin,cex,Heparin Toyopearl 650m,1.15935,0.06928671959666474,0.9323
4,d,myoglobin,cex,Heparin Toyopearl 650m,1.02998,0.09332972797354301,0.42336
4,d,myoglobin,cex,Heparin Toyopearl 650m,0.92849,0.11789896701716368,0.24153
4,d,myoglobin,cex,Heparin Toyopearl 650m,0.84479,0.1429585057070478,0.14075
4,d,myoglobin,cex,Heparin Toyopearl 650m,0.77381,0.1683410377164401,0.08037
4,d,myoglobin,cex,S Ceramic HyperD 20,1.16174,0.06890646967113334,1.4101
4,d,myoglobin,cex,S Ceramic HyperD 20,1.02775,0.09381018663702376,0.18131
4,d,myoglobin,cex,SP Sepharose FF,1.02703,0.09396583990200354,1.2668
4,d,myoglobin,cex,SP Sepharose FF,0.92559,0.11868887134528704,0.6384
4,d,myoglobin,cex,SP Sepharose FF,0.84192,0.14390636391607564,0.34248
4,d,myoglobin,cex,SP Sepharose FF,0.77341,0.1684961569661228,0.23558
4,d,myoglobin,cex,SP Sepharose FF,0.71256,0.1938384819693123,0.15233
4,d,myoglobin,cex,SP Toyopearl 650m,1.54026,0.028823054305877418,3.1267
4,d,myoglobin,cex,SP Toyopearl 650m,1.36029,0.04362244462314798,0.7165
4,d,myoglobin,cex,SP Toyopearl 650m,1.16232,0.06881450654742012,0.29283
4,d,myoglobin,cex,SP Toyopearl 650m,0.92605,0.11856322393532263,0.18458
5,a,anti-FVII mAb,cex,CM Hyper Z,0.48462,0.3276272375460992,4.9557
5,a,anti-FVII mAb,cex,CM Hyper Z,0.4641,0.3434788498657804,3.3001
5,a,anti-FVII mAb,cex,CM Hyper Z,0.44872,0.3558606764816629,2.743
5,a,anti-FVII mAb,cex,CM Hyper Z,0.43333,0.3686973362977322,1.8608
5,a,anti-FVII mAb,cex,Fractogel EMD COO- (M),0.65897,0.21929564141809615,8.177
5,a,anti-FVII mAb,cex,Fractogel EMD COO- (M),0.61026,0.24532397896905062,4.4427
5,a,anti-FVII mAb,cex,Fractogel EMD COO- (M),0.59487,0.25417334241624373,3.9759
5,a,anti-FVII mAb,cex,Fractogel EMD COO- (M),0.57179,0.26804641308223937,2.5048
5,a,anti-FVII mAb,cex,Fractogel EMD SE Hicap (M),0.77436,0.16812798189399286,2.7036
5,a,anti-FVII mAb,cex,Fractogel EMD SE Hicap (M),0.74359,0.1804720701308142,1.6113
5,a,anti-FVII mAb,cex,Fractogel EMD SE Hicap (M),0.71538,0.19258391005766537,0.48489
5,a,anti-FVII mAb,cex,Fractogel EMD SO3-,0.71282,0.19372247100329484,3.0745
5,a,anti-FVII mAb,cex,Fractogel EMD SO3-,0.66154,0.21800176008978647,0.7011
5,a,anti-FVII mAb,cex,Fractogel EMD SO3-,0.61282,0.24388214158160657,0.14578
5,a,anti-FVII mAb,cex,MacroPrep 25S,0.74872,0.17835282800257435,3.7687
5,a,anti-FVII mAb,cex,MacroPrep 25S,0.71282,0.19372247100329484,0.8756
5,a,anti-FVII mAb,cex,MacroPrep 25S,0.65897,0.21929564141809615,0.46698
5,a,anti-FVII mAb,cex,MacroPrep 25S,0.61538,0.24244877827427722,0.29412
5,a,anti-FVII mAb,cex,MacroPrep CM,1.10256,0.07896597463378593,1.2967
5,a,anti-FVII mAb,cex,MacroPrep CM,1.05385,0.08833849580893176,0.9644
5,a,anti-FVII mAb,cex,MacroPrep CM,1.00513,0.0988257229350205,0.6187
5,a,anti-FVII mAb,cex,MacroPrep CM,0.92564,0.11867520757055904,0.26921
5,a,anti-FVII mAb,cex,MacroPrep High S,0.68974,0.20429606422228322,0.9425
5,a,anti-FVII mAb,cex,MacroPrep High S,0.61026,0.24532397896905062,0.34729
5,a,anti-FVII mAb,cex,MacroPrep High S,0.57179,0.26804641308223937,0.21082
5,a,anti-FVII mAb,cex,MacroPrep High S,0.53077,0.2945981396496374,0.14564
5,a,anti-FVII mAb,cex,Matrex Cellufine C-500,0.67949,0.2091751070896684,10.022
5,a,anti-FVII mAb,cex,Matrex Cellufine C-500,0.66154,0.21800176008978647,7.32
5,a,anti-FVII mAb,cex,Matrex Cellufine C-500,0.61282,0.24388214158160657,3.3061
5,a,anti-FVII mAb,cex,Matrex Cellufine C-500,0.56923,0.26963111025377423,2.0823
5,b,aprotinin,cex,CM Hyper Z,0.57143,0.2682686970815172,10.77
5,b,aprotinin,cex,CM Hyper Z,0.53061,0.294706693610353,4.8068
5,b,aprotinin,cex,CM Hyper Z,0.4949,0.31996317673183494,3.4549
5,b,aprotinin,cex,CM Hyper Z,0.43367,0.3684088038787138,1.7526
5,b,aprotinin,cex,CM Hyper Z,0.37755,0.41922772853020623,0.7136
5,b,aprotinin,cex,CM Hyper Z,0.28571,0.5179525791688487,0.40392
5,b,aprotinin,cex,Fractogel EMD COO- (M),0.77296,0.16867083698166987,8.826
5,b,aprotinin,cex,Fractogel EMD COO- (M),0.70918,0.19535296176903333,4.1605
5,b,aprotinin,cex,Fractogel EMD COO- (M),0.66071,0.21841879157731944,2.3134
5,b,aprotinin,cex,Fractogel EMD COO- (M),0.56888,0.26984849483892426,1.051
5,b,aprotinin,cex,Fractogel EMD COO- (M),0.4949,0.31996317673183494,0.48638
5,b,aprotinin,cex,Fractogel EMD SE Hicap (M),0.61224,0.24420806361001293,3.5238
5,b,aprotinin,cex,Fractogel EMD SE Hicap (M),0.52806,0.2964421811224015,1.5434
5,b,aprotinin,cex,Fractogel EMD SE Hicap (M),0.4949,0.31996317673183494,1.1507
5,b,aprotinin,cex,Fractogel EMD SE Hicap (M),0.46429,0.34332861376856216,0.7687
5,b,aprotinin,cex,Fractogel EMD SE Hicap (M),0.40561,0.39299769213139585,0.28558
5,b,aprotinin,cex,Fractogel EMD SO3-,0.43367,0.3684088038787138,3.5812
5,b,aprotinin,cex,Fractogel EMD SO3-,0.37755,0.41922772853020623,2.0279
5,b,aprotinin,cex,Fractogel EMD SO3-,0.32908,0.4687270314822895,1.2358
5,b,aprotinin,cex,Fractogel EMD SO3-,0.28316,0.5210027312436751,0.7812
5,b,aprotinin,cex,Fractogel EMD SO3-,0.2449,0.568983929152867,0.5123
5,b,aprotinin,cex,MacroPrep 25S,0.2449,0.568983929152867,3.639
5,b,aprotinin,cex,MacroPrep 25S,0.22704,0.5928707166542809,2.8671
5,b,aprotinin,cex,MacroPrep 25S,0.20918,0.6177603068499417,2.3007
5,b,aprotinin,cex,MacroPrep 25S,0.18878,0.6474705210016574,2.0606
5,b,aprotinin,cex,MacroPrep 25S,0.16071,0.6907008651659308,1.4543
5,b,aprotinin,cex,MacroPrep CM,0.2449,0.568983929152867,1.4294
5,b,aprotinin,cex,MacroPrep CM,0.20918,0.6177603068499417,1.1467
5,b,aprotinin,cex,MacroPrep CM,0.17347,0.6707026155974513,0.937
5,b,aprotinin,cex,MacroPrep CM,0.11224,0.7722537039869224,0.7245
5,b,aprotinin,cex,MacroPrep High S,0.26531,0.5428626970202342,3.0305
5,b,aprotinin,cex,MacroPrep High S,0.2449,0.568983929152867,2.3876
5,b,aprotinin,cex,MacroPrep High S,0.22959,0.5893998215167636,1.847
5,b,aprotinin,cex,MacroPrep High S,0.20918,0.6177603068499417,1.5095
5,b,aprotinin,cex,MacroPrep High S,0.19133,0.6436799774313618,1.3034
5,b,aprotinin,cex,MacroPrep High S,0.17602,0.6667760623341455,1.0459
5,b,aprotinin,cex,Matrex Cellufine C-500,0.66071,0.21841879157731944,2.7281
5,b,aprotinin,cex,Matrex Cellufine C-500,0.61224,0.24420806361001293,1.9605
5,b,aprotinin,cex,Matrex Cellufine C-500,0.56888,0.26984849483892426,1.409
5,b,aprotinin,cex,Matrex Cellufine C-500,0.53061,0.294706693610353,0.9943
5,b,aprotinin,cex,Matrex Cellufine C-500,0.49745,0.31808998818818374,0.6172
5,c,lysozyme,cex,CM Hyper Z,0.57271,0.26747919038948176,16.494
5,c,lysozyme,cex,CM Hyper Z,0.53392,0.2924691076231757,5.609
5,c,lysozyme,cex,CM Hyper Z,0.51081,0.3084537112847693,4.6706
5,c,lysozyme,cex,CM Hyper Z,0.49799,0.31769472217207245,4.4207
5,c,lysozyme,cex,CM Hyper Z,0.43624,0.3662351297033354,1.8713
5,c,lysozyme,cex,Fractogel EMD COO- (M),0.66214,0.21770078748035393,10.649
5,c,lysozyme,cex,Fractogel EMD COO- (M),0.63888,0.22967831850906612,5.825
5,c,lysozyme,cex,Fractogel EMD COO- (M),0.61313,0.24370812028838246,3.8248
5,c,lysozyme,cex,Fractogel EMD COO- (M),0.56948,0.26947594277508,2.7014
5,c,lysozyme,cex,Fractogel EMD SE Hicap (M),0.58747,0.25854134274264295,3.3036
5,c,lysozyme,cex,Fractogel EMD SE Hicap (M),0.54375,0.2859235978270507,1.9083
5,c,lysozyme,cex,Fractogel EMD SE Hicap (M),0.50773,0.3106490286631387,1.1435
5,c,lysozyme,cex,Fractogel EMD SE Hicap (M),0.47682,0.33356463508921136,0.6853
5,c,lysozyme,cex,Fractogel EMD SE Hicap (M),0.41247,0.3868387755860742,0.25994
5,c,lysozyme,cex,Fractogel EMD SO3-,0.43402,0.36811202106714175,4.7523
5,c,lysozyme,cex,Fractogel EMD SO3-,0.40573,0.39288911785687913,3.2962
5,c,lysozyme,cex,Fractogel EMD SO3-,0.38001,0.41685978480856345,2.3286
5,c,lysozyme,cex,Fractogel EMD SO3-,0.35174,0.4448975355101547,1.7376
5,c,lysozyme,cex,Fractogel EMD SO3-,0.32603,0.47203043343018514,1.2967
5,c,lysozyme,cex,MacroPrep 25S,0.09868,0.796746198482199,4.4804
5,c,lysozyme,cex,MacroPrep 25S,0.07295,0.8453761670858972,3.1078
5,c,lysozyme,cex,MacroPrep 25S,0.06003,0.8709034280006617,2.2363
5,c,lysozyme,cex,MacroPrep CM,0.17655,0.6659628450786914,83.48
5,c,lysozyme,cex,MacroPrep CM,0.14286,0.7196809383381483,26.874
5,c,lysozyme,cex,MacroPrep CM,0.11452,0.768210077483206,16.704
5,c,lysozyme,cex,MacroPrep High S,0.14223,0.7207256856833425,5.0022
5,c,lysozyme,cex,MacroPrep High S,0.13191,0.7380571638302141,4.0167
5,c,lysozyme,cex,MacroPrep High S,0.11138,0.7737844537852868,3.4695
5,c,lysozyme,cex,MacroPrep High S,0.10364,0.7876984665346671,2.9431
5,c,lysozyme,cex,MacroPrep High S,0.08823,0.8161500282610129,2.5423
5,c,lysozyme,cex,Matrex Cellufine C-500,0.65925,0.21915430186051357,4.3492
5,c,lysozyme,cex,Matrex Cellufine C-500,0.61558,0.24233715219057184,2.9079
5,c,lysozyme,cex,Matrex Cellufine C-500,0.56937,0.2695442054614135,1.98
5,c,lysozyme,cex,Matrex Cellufine C-500,0.53339,0.29282624605329083,1.3732
5,c,lysozyme,cex,Matrex Cellufine C-500,0.4974,0.31812661175961715,0.8853
6,a,anti-FVII mAb,aex,DEAE Ceramic HyperD 20,0.89168,0.12832757869302336,11.698
6,a,anti-FVII mAb,aex,DEAE Ceramic HyperD 20,0.83102,0.14756385760433766,1.7644
6,a,anti-FVII mAb,aex,DEAE Ceramic HyperD 20,0.79983,0.15855137036440944,1.008
6,a,anti-FVII mAb,aex,DEAE Ceramic HyperD 20,0.77556,0.16766406832763578,0.658
6,a,anti-FVII mAb,aex,DEAE Sepharose FF,0.89341,0.12781740615309814,11.391
6,a,anti-FVII mAb,aex,DEAE Sepharose FF,0.85875,0.13843630530808695,3.924
6,a,anti-FVII mAb,aex,DEAE Sepharose FF,0.82929,0.1481528464619663,2.1831
6,a,anti-FVII mAb,aex,DEAE Sepharose FF,0.80329,0.15729321887501443,1.2146
6,a,anti-FVII mAb,aex,DEAE Sepharose FF,0.77383,0.16833328550366305,0.6407
6,a,anti-FVII mAb,aex,Fractogel EMD DEAE (M),0.7253,0.18823483601033703,8.023
6,a,anti-FVII mAb,aex,Fractogel EMD DEAE (M),0.70451,0.19746494109028837,3.421
6,a,anti-FVII mAb,aex,Fractogel EMD DEAE (M),0.68198,0.2079792462880791,2.2934
6,a,anti-FVII mAb,aex,Fractogel EMD DEAE (M),0.64211,0.22797645701567876,1.2094
6,a,anti-FVII mAb,aex,Fractogel EMD DEAE (M),0.59705,0.2529006817014984,0.5887
6,a,anti-FVII mAb,aex,Fractogel EMD DEAE (M),0.55373,0.2794280499871478,0.27174
6,a,anti-FVII mAb,aex,MacroPrep DEAE Support,0.70451,0.19746494109028837,4.013
6,a,anti-FVII mAb,aex,MacroPrep DEAE Support,0.66118,0.21818254334491438,2.9912
6,a,anti-FVII mAb,aex,MacroPrep DEAE Support,0.64385,0.22706489708342312,2.2911
6,a,anti-FVII mAb,aex,MacroPrep DEAE Support,0.62305,0.23820452104817585,1.9005
6,a,anti-FVII mAb,aex,Poros 50 D,0.89341,0.12781740615309814,12.014
6,a,anti-FVII mAb,aex,Poros 50 D,0.85875,0.13843630530808695,4.855
6,a,anti-FVII mAb,aex,Poros 50 D,0.79983,0.15855137036440944,1.2145
6,a,anti-FVII mAb,aex,Poros 50 D,0.74783,0.17871870134790355,0.29585
6,a,anti-FVII mAb,aex,Toyopearl DEAE 650 M,0.92981,0.11754116746959574,4.038
6,a,anti-FVII mAb,aex,Toyopearl DEAE 650 M,0.83102,0.14756385760433766,0.8373
6,a,anti-FVII mAb,aex,Toyopearl DEAE 650 M,0.80156,0.15792104166849497,0.5182
6,a,anti-FVII mAb,aex,Toyopearl DEAE 650 M,0.77556,0.16766406832763578,0.32933
6,b,aprotinin,aex,DEAE Ceramic HyperD 20,1.09483,0.08038407155897694,2.3831
6,b,aprotinin,aex,DEAE Ceramic HyperD 20,1.04134,0.09092011994714151,1.2023
6,b,aprotinin,aex,DEAE Ceramic HyperD 20,0.99651,0.10080683974644125,0.7686
6,b,aprotinin,aex,DEAE Ceramic HyperD 20,0.95519,0.11086896672090553,0.7292
6,b,aprotinin,aex,DEAE Ceramic HyperD 20,0.92072,0.12002728982802453,0.5754
6,b,aprotinin,aex,DEAE Ceramic HyperD 20,0.88454,0.13045478098128627,0.4786
6,b,aprotinin,aex,DEAE Sepharose FF,1.15159,0.07053586555543664,1.9822
6,b,aprotinin,aex,DEAE Sepharose FF,1.09637,0.08009953594214977,0.9001
6,b,aprotinin,aex,DEAE Sepharose FF,0.97743,0.10533434523530713,0.34903
6,b,aprotinin,aex,Fractogel EMD DEAE (M),1.15141,0.07056510628451093,0.7686
6,b,aprotinin,aex,Fractogel EMD DEAE (M),1.0946,0.08042665380156767,0.6918
6,b,aprotinin,aex,Fractogel EMD DEAE (M),1.04121,0.09094733969153347,0.6065
6,b,aprotinin,aex,Fractogel EMD DEAE (M),0.99815,0.10042688681917336,0.4914
6,b,aprotinin,aex,MacroPrep DEAE Support,1.15326,0.07026515360529802,1.5236
6,b,aprotinin,aex,MacroPrep DEAE Support,1.04125,0.09093896351773159,0.7487
6,b,aprotinin,aex,MacroPrep DEAE Support,0.95857,0.11000945167186686,0.5179
6,b,aprotinin,aex,MacroPrep DEAE Support,0.88617,0.12996607399443558,0.29031
6,b,aprotinin,aex,MacroPrep DEAE Support,0.82249,0.15049081701947634,0.29031
6,b,aprotinin,aex,MacroPrep DEAE Support,0.76909,0.17018058021096824,0.2352
6,b,aprotinin,aex,Poros 50 D,1.09423,0.08049520300711696,0.09869
6,b,aprotinin,aex,Poros 50 D,0.97543,0.10582054648202538,0.07996
6,b,aprotinin,aex,Poros 50 D,0.88415,0.13057198305888162,0.05831
6,b,aprotinin,aex,Toyopearl DEAE 650 M,1.21761,0.06058847199671044,51.79
6,b,aprotinin,aex,Toyopearl DEAE 650 M,1.15016,0.07076850155569171,9.613
6,b,aprotinin,aex,Toyopearl DEAE 650 M,1.09492,0.08036741508008002,3.827
6,b,aprotinin,aex,Toyopearl DEAE 650 M,1.04315,0.0905419825957868,1.8806
6,b,aprotinin,aex,Toyopearl DEAE 650 M,0.99828,0.10039682992912502,1.0267
6,c,lipolase,aex,DEAE Ceramic HyperD 20,0.92743,0.1181870792258287,15.619
6,c,lipolase,aex,DEAE Ceramic HyperD 20,0.89458,0.12747352634019313,7.757
6,c,lipolase,aex,DEAE Ceramic HyperD 20,0.85822,0.138605351964503,4.525
6,c,lipolase,aex,DEAE Ceramic HyperD 20,0.82878,0.1483269272683394,3.0198
6,c,lipolase,aex,DEAE Ceramic HyperD 20,0.80107,0.15809931927376905,2.1268
6,c,lipolase,aex,DEAE Sepharose FF,0.92419,0.11907209641546636,4.541
6,c,lipolase,aex,DEAE Sepharose FF,0.88955,0.128958508038275,3.0296
6,c,lipolase,aex,DEAE Sepharose FF,0.8567,0.13909131081747306,1.4647
6,c,lipolase,aex,DEAE Sepharose FF,0.82898,0.14825863591988686,1.0597
6,c,lipolase,aex,DEAE Sepharose FF,0.80127,0.15802652860857105,0.7463
6,c,lipolase,aex,DEAE Sepharose FF,0.77183,0.16911027664642117,0.5116
6,c,lipolase,aex,Fractogel EMD DEAE (M),0.85662,0.1391169347437597,2.2508
6,c,lipolase,aex,Fractogel EMD DEAE (M),0.79951,0.15866823838189073,0.8308
6,c,lipolase,aex,Fractogel EMD DEAE (M),0.74759,0.1788174922465386,0.35086
6,c,lipolase,aex,Fractogel EMD DEAE (M),0.69054,0.2039200833621396,0.09901
6,c,lipolase,aex,MacroPrep DEAE Support,0.74873,0.1783487213242239,8.342
6,c,lipolase,aex,MacroPrep DEAE Support,0.70199,0.1986140649409379,4.03
6,c,lipolase,aex,MacroPrep DEAE Support,0.68296,0.20751046328533457,2.9168
6,c,lipolase,aex,MacroPrep DEAE Support,0.66044,0.2185546243168632,2.2272
6,c,lipolase,aex,MacroPrep DEAE Support,0.64312,0.22744688849613778,1.7475
6,c,lipolase,aex,MacroPrep DEAE Support,0.62404,0.23766213816254825,1.6106
6,c,lipolase,aex,MacroPrep DEAE Support,0.58767,0.2584223074652878,1.046
6,c,lipolase,aex,Poros 50 D,0.92733,0.11821429593982945,26.722
6,c,lipolase,aex,Poros 50 D,0.89281,0.12799411446318762,9.112
6,c,lipolase,aex,Poros 50 D,0.85817,0.1386213104139897,6.079
6,c,lipolase,aex,Poros 50 D,0.82873,0.14834400501997586,4.057
6,c,lipolase,aex,Poros 50 D,0.77326,0.16855436352834993,2.5627
6,c,lipolase,aex,Poros 50 D,0.74728,0.17894517798476928,1.8051
6,c,lipolase,aex,Toyopearl DEAE 650 M,0.96404,0.1086325564727195,6.993
6,c,lipolase,aex,Toyopearl DEAE 650 M,0.92599,0.11857960518159365,3.3798
6,c,lipolase,aex,Toyopearl DEAE 650 M,0.89139,0.12841329800857929,1.724
6,c,lipolase,aex,Toyopearl DEAE 650 M,0.85844,0.13853515660959625,1.426
6,c,lipolase,aex,Toyopearl DEAE 650 M,0.82904,0.14823815464721704,0.7887
6,c,lipolase,aex,Toyopearl DEAE 650 M,0.80136,0.1579937837439745,0.4728
6,d,myoglobin,aex,DEAE Ceramic HyperD 20,1.39217,0.040534983446682715,5.776
6,d,myoglobin,aex,DEAE Ceramic HyperD 20,1.29786,0.05036629443713588,1.742
6,d,myoglobin,aex,DEAE Ceramic HyperD 20,1.21564,0.0608639312000994,0.8936
6,d,myoglobin,aex,DEAE Ceramic HyperD 20,1.15023,0.07075709594012891,0.14349
6,d,myoglobin,aex,DEAE Ceramic HyperD 20,1.04222,0.0907360773152903,0.039233
6,d,myoglobin,aex,DEAE Sepharose FF,1.51327,0.03067114576613868,1.914
6,d,myoglobin,aex,DEAE Sepharose FF,1.39167,0.0405816779453537,0.746
6,d,myoglobin,aex,DEAE Sepharose FF,1.29749,0.050409222612149175,0.39813
6,d,myoglobin,aex,DEAE Sepharose FF,1.21871,0.06043520505557424,0.22095
6,d,myoglobin,aex,Fractogel EMD DEAE (M),1.51261,0.030717792330894323,0.13698
6,d,myoglobin,aex,Fractogel EMD DEAE (M),1.39076,0.04066680001225866,0.019567
6,d,myoglobin,aex,MacroPrep DEAE Support,1.51257,0.030720621674416842,0.11474
6,d,myoglobin,aex,MacroPrep DEAE Support,1.39107,0.040637782351992405,0.06761
6,d,myoglobin,aex,MacroPrep DEAE Support,1.2952,0.05067572841772825,0.038278
6,d,myoglobin,aex,MacroPrep DEAE Support,1.21811,0.06051875707932982,0.019251
6,d,myoglobin,aex,Poros 50 D,1.51481,0.030562579066168015,0.9611
6,d,myoglobin,aex,Poros 50 D,1.39159,0.04058915405524256,0.5553
6,d,myoglobin,aex,Poros 50 D,1.29748,0.050410383340757876,0.3753
6,d,myoglobin,aex,Toyopearl DEAE 650 M,1.51511,0.030541474474586557,3.2561
6,d,myoglobin,aex,Toyopearl DEAE 650 M,1.38996,0.04074178006422707,0.7608
6,d,myoglobin,aex,Toyopearl DEAE 650 M,1.29578,0.05060809618661875,0.39038
6,d,myoglobin,aex,Toyopearl DEAE 650 M,1.21703,0.06066944191752197,0.24865
6,d,myoglobin,aex,Toyopearl DEAE 650 M,1.15199,0.07047092953115162,0.1747
